USE coopconnect;
 
-- ============================================================
-- USER (keep original 5 + add 35 more = 40 total)
-- userId 1-5 = original personas
-- userId 6-20 = students
-- userId 21-30 = advisors
-- userId 31-38 = employers
-- userId 39-40 = admins
-- ============================================================
INSERT INTO USER (userId, firstName, lastName, email, password, accountStatus) VALUES
(1,  'Maya',      'Patel',       'patel.m@northeastern.edu',         'hashed_pw_1',  'active'),
(2,  'Karen',     'Williams',    'williams.k@northeastern.edu',       'hashed_pw_2',  'active'),
(3,  'Jackson',   'Miller',      'miller.j@jpmorganchase.com',        'hashed_pw_3',  'active'),
(4,  'Allison',   'Bob',         'bob.a@northeastern.edu',            'hashed_pw_4',  'active'),
(5,  'Leah',      'Sternberg',   'sternberg.l@northeastern.edu',      'hashed_pw_5',  'active'),
(6,  'Ethan',     'Nguyen',      'nguyen.e@northeastern.edu',         'hashed_pw_6',  'active'),
(7,  'Sofia',     'Ramirez',     'ramirez.s@northeastern.edu',        'hashed_pw_7',  'active'),
(8,  'James',     'Chen',        'chen.j@northeastern.edu',           'hashed_pw_8',  'active'),
(9,  'Priya',     'Sharma',      'sharma.p@northeastern.edu',         'hashed_pw_9',  'active'),
(10, 'Marcus',    'Johnson',     'johnson.m@northeastern.edu',        'hashed_pw_10', 'active'),
(11, 'Olivia',    'Kim',         'kim.o@northeastern.edu',            'hashed_pw_11', 'active'),
(12, 'Daniel',    'Torres',      'torres.d@northeastern.edu',         'hashed_pw_12', 'active'),
(13, 'Aisha',     'Washington',  'washington.a@northeastern.edu',     'hashed_pw_13', 'active'),
(14, 'Ryan',      'O\'Brien',    'obrien.r@northeastern.edu',         'hashed_pw_14', 'active'),
(15, 'Jasmine',   'Lee',         'lee.j@northeastern.edu',            'hashed_pw_15', 'active'),
(16, 'Noah',      'Patel',       'patel.n@northeastern.edu',          'hashed_pw_16', 'active'),
(17, 'Emma',      'Davis',       'davis.e@northeastern.edu',          'hashed_pw_17', 'active'),
(18, 'Carlos',    'Rivera',      'rivera.c@northeastern.edu',         'hashed_pw_18', 'active'),
(19, 'Hannah',    'Goldstein',   'goldstein.h@northeastern.edu',      'hashed_pw_19', 'active'),
(20, 'Tyler',     'Brooks',      'brooks.t@northeastern.edu',         'hashed_pw_20', 'active'),
(21, 'Sandra',    'Mitchell',    'mitchell.s@northeastern.edu',       'hashed_pw_21', 'active'),
(22, 'David',     'Hernandez',   'hernandez.d@northeastern.edu',      'hashed_pw_22', 'active'),
(23, 'Patricia',  'Nguyen',      'nguyen.p@northeastern.edu',         'hashed_pw_23', 'active'),
(24, 'Robert',    'Sullivan',    'sullivan.r@northeastern.edu',       'hashed_pw_24', 'active'),
(25, 'Linda',     'Chang',       'chang.l@northeastern.edu',          'hashed_pw_25', 'active'),
(26, 'Sarah',     'Okafor',      'okafor.s@blackrock.com',            'hashed_pw_26', 'active'),
(27, 'Michael',   'Zhang',       'zhang.m@citadel.com',               'hashed_pw_27', 'active'),
(28, 'Rachel',    'Pham',        'pham.r@deloitte.com',               'hashed_pw_28', 'active'),
(29, 'Kevin',     'Anderson',    'anderson.k@microsoft.com',          'hashed_pw_29', 'active'),
(30, 'Natalie',   'Brown',       'brown.n@amazon.com',                'hashed_pw_30', 'active'),
(31, 'Chris',     'Taylor',      'taylor.c@google.com',               'hashed_pw_31', 'active'),
(32, 'Amanda',    'Wilson',      'wilson.a@mckinsey.com',             'hashed_pw_32', 'active'),
(33, 'Brian',     'Moore',       'moore.b@bain.com',                  'hashed_pw_33', 'active'),
(34, 'Jennifer',  'Jackson',     'jackson.j@jpmorganchase.com',       'hashed_pw_34', 'active'),
(35, 'Steven',    'White',       'white.s@goldmansachs.com',          'hashed_pw_35', 'active'),
(36, 'Megan',     'Harris',      'harris.m@fidelity.com',             'hashed_pw_36', 'active'),
(37, 'Andrew',    'Martin',      'martin.a@northeastern.edu',         'hashed_pw_37', 'active'),
(38, 'Laura',     'Thompson',    'thompson.l@northeastern.edu',       'hashed_pw_38', 'active'),
(39, 'Zachary',   'Scott',       'scott.z@northeastern.edu',          'hashed_pw_39', 'active'),
(40, 'Victoria',  'Adams',       'adams.v@northeastern.edu',          'hashed_pw_40', 'active');
 
-- ============================================================
-- COMPANY (30 rows)
-- ============================================================
INSERT INTO COMPANY (companyId, companyName, industry, location, website) VALUES
(1,  'JP Morgan',          'Finance',        'New York, NY',      'www.jpmorganchase.com'),
(2,  'Goldman Sachs',      'Finance',        'New York, NY',      'www.goldmansachs.com'),
(3,  'Fidelity',           'Technology',     'Boston, MA',        'www.fidelity.com'),
(4,  'BlackRock',          'Finance',        'New York, NY',      'www.blackrock.com'),
(5,  'Citadel',            'Finance',        'Chicago, IL',       'www.citadel.com'),
(6,  'Deloitte',           'Consulting',     'New York, NY',      'www.deloitte.com'),
(7,  'Microsoft',          'Technology',     'Redmond, WA',       'www.microsoft.com'),
(8,  'Amazon',             'Technology',     'Seattle, WA',       'www.amazon.com'),
(9,  'Google',             'Technology',     'Mountain View, CA', 'www.google.com'),
(10, 'McKinsey',           'Consulting',     'New York, NY',      'www.mckinsey.com'),
(11, 'Bain & Company',     'Consulting',     'Boston, MA',        'www.bain.com'),
(12, 'Morgan Stanley',     'Finance',        'New York, NY',      'www.morganstanley.com'),
(13, 'Accenture',          'Consulting',     'New York, NY',      'www.accenture.com'),
(14, 'Salesforce',         'Technology',     'San Francisco, CA', 'www.salesforce.com'),
(15, 'HubSpot',            'Technology',     'Cambridge, MA',     'www.hubspot.com'),
(16, 'Wayfair',            'Technology',     'Boston, MA',        'www.wayfair.com'),
(17, 'State Street',       'Finance',        'Boston, MA',        'www.statestreet.com'),
(18, 'Liberty Mutual',     'Insurance',      'Boston, MA',        'www.libertymutual.com'),
(19, 'Raytheon',           'Defense',        'Waltham, MA',       'www.raytheon.com'),
(20, 'PwC',                'Consulting',     'New York, NY',      'www.pwc.com'),
(21, 'EY',                 'Consulting',     'New York, NY',      'www.ey.com'),
(22, 'KPMG',               'Consulting',     'New York, NY',      'www.kpmg.com'),
(23, 'Vanguard',           'Finance',        'Malvern, PA',       'www.vanguard.com'),
(24, 'Bank of America',    'Finance',        'Charlotte, NC',     'www.bankofamerica.com'),
(25, 'Cisco',              'Technology',     'San Jose, CA',      'www.cisco.com'),
(26, 'IBM',                'Technology',     'Armonk, NY',        'www.ibm.com'),
(27, 'Oracle',             'Technology',     'Austin, TX',        'www.oracle.com'),
(28, 'Spotify',            'Technology',     'New York, NY',      'www.spotify.com'),
(29, 'TikTok',             'Technology',     'New York, NY',      'www.tiktok.com'),
(30, 'Moderna',            'Biotech',        'Cambridge, MA',     'www.modernatx.com');
 
-- ============================================================
-- ADMIN (2 rows)
-- ============================================================
INSERT INTO ADMIN (adminId, userId, lastLogin) VALUES
(1, 4,  '2026-01-15 09:00:00'),
(2, 37, '2026-03-20 11:30:00');
 
-- ============================================================
-- ADVISOR (5 rows)
-- ============================================================
INSERT INTO ADVISOR (advisorId, userId, department) VALUES
(1, 2,  'D''Amore-McKim School of Business'),
(2, 21, 'Khoury College of Computer Sciences'),
(3, 22, 'College of Engineering'),
(4, 23, 'College of Social Sciences and Humanities'),
(5, 24, 'D''Amore-McKim School of Business');
 
-- ============================================================
-- STUDENT (35 rows)
-- userId 1, 5-20, 38-40 are students
-- ============================================================
INSERT INTO STUDENT (studentId, userId, advisorId, major, GPA, gradYear) VALUES
(1,  1,  1, 'Finance',                    3.7,  2027),
(2,  5,  1, 'Computer Science',           2.9,  2027),
(3,  6,  2, 'Computer Science',           3.5,  2026),
(4,  7,  1, 'Business Administration',    3.2,  2028),
(5,  8,  3, 'Electrical Engineering',     3.8,  2026),
(6,  9,  2, 'Data Science',               3.6,  2027),
(7,  10, 1, 'Finance',                    3.1,  2028),
(8,  11, 2, 'Computer Science',           3.9,  2026),
(9,  12, 3, 'Mechanical Engineering',     3.4,  2027),
(10, 13, 4, 'Political Science',          3.3,  2028),
(11, 14, 1, 'Finance',                    3.0,  2027),
(12, 15, 2, 'Information Science',        3.7,  2026),
(13, 16, 3, 'Chemical Engineering',       3.5,  2028),
(14, 17, 1, 'Business Administration',    3.2,  2027),
(15, 18, 5, 'Finance',                    3.6,  2026),
(16, 19, 2, 'Computer Science',           3.8,  2028),
(17, 20, 4, 'Communications',             3.1,  2027),
(18, 25, 3, 'Industrial Engineering',     3.4,  2026),
(19, 38, 1, 'Finance',                    3.3,  2028),
(20, 39, 2, 'Computer Science',           3.7,  2027),
(21, 40, 5, 'Business Administration',    3.5,  2026);
 
-- ============================================================
-- EMPLOYER (8 rows)
-- ============================================================
INSERT INTO EMPLOYER (employerId, userId, companyId, jobTitle) VALUES
(1, 3,  1,  'Recruiter'),
(2, 26, 4,  'Talent Acquisition Specialist'),
(3, 27, 5,  'Campus Recruiting Lead'),
(4, 28, 6,  'University Relations Manager'),
(5, 29, 7,  'University Recruiter'),
(6, 30, 8,  'Technical Recruiter'),
(7, 31, 9,  'Engineering Recruiter'),
(8, 32, 10, 'Recruiting Manager');
 
-- ============================================================
-- COOPROLE (30 rows)
-- ============================================================
INSERT INTO COOPROLE (roleId, companyId, title, department, salary, duration) VALUES
(1,  1,  'Investment Banking Analyst',    'Investment Banking',   85000.00, '6 months'),
(2,  2,  'Financial Analyst',             'Finance',              75000.00, '6 months'),
(3,  3,  'Software Engineer',             'Technology',           80000.00, '6 months'),
(4,  4,  'Risk Analyst',                  'Risk Management',      78000.00, '6 months'),
(5,  5,  'Quantitative Analyst',          'Quantitative Research',90000.00, '6 months'),
(6,  6,  'Consulting Analyst',            'Strategy',             72000.00, '6 months'),
(7,  7,  'Software Development Engineer', 'Engineering',          95000.00, '6 months'),
(8,  8,  'Data Engineer',                 'AWS',                  92000.00, '6 months'),
(9,  9,  'Software Engineer',             'Engineering',          100000.00,'6 months'),
(10, 10, 'Business Analyst',              'Strategy',             70000.00, '6 months'),
(11, 11, 'Strategy Consultant',           'Consulting',           73000.00, '6 months'),
(12, 12, 'Equity Research Analyst',       'Research',             82000.00, '6 months'),
(13, 13, 'Technology Analyst',            'Technology',           76000.00, '6 months'),
(14, 14, 'Salesforce Developer',          'Engineering',          85000.00, '6 months'),
(15, 15, 'Marketing Analyst',             'Marketing',            65000.00, '6 months'),
(16, 16, 'Data Analyst',                  'Analytics',            70000.00, '6 months'),
(17, 17, 'Fund Accounting Analyst',       'Finance',              74000.00, '6 months'),
(18, 18, 'Actuarial Analyst',             'Actuarial',            72000.00, '6 months'),
(19, 19, 'Systems Engineer',              'Engineering',          80000.00, '6 months'),
(20, 20, 'Audit Associate',               'Audit',                68000.00, '6 months'),
(21, 21, 'Tax Associate',                 'Tax',                  67000.00, '6 months'),
(22, 22, 'Advisory Analyst',              'Advisory',             69000.00, '6 months'),
(23, 23, 'Investment Analyst',            'Investments',          76000.00, '6 months'),
(24, 24, 'Credit Analyst',                'Credit',               73000.00, '6 months'),
(25, 25, 'Network Engineer',              'Infrastructure',       78000.00, '6 months'),
(26, 26, 'Cloud Developer',               'Cloud',                88000.00, '6 months'),
(27, 27, 'Database Administrator',        'IT',                   75000.00, '6 months'),
(28, 28, 'Data Analyst',                  'Analytics',            71000.00, '6 months'),
(29, 29, 'Software Engineer',             'Engineering',          93000.00, '6 months'),
(30, 30, 'Research Analyst',              'R&D',                  74000.00, '6 months');
 
-- ============================================================
-- COOPEXPERIENCE (50 rows)
-- ============================================================
INSERT INTO COOPEXPERIENCE (experienceId, studentId, companyId, roleId, semester, year, notes) VALUES
(1,  1,  1,  1,  'Fall',   2025, 'Worked on M&A deal flow and built pitch books for senior bankers.'),
(2,  2,  2,  2,  'Spring', 2025, 'Built financial models for the equities division at Goldman.'),
(3,  3,  3,  3,  'Fall',   2024, 'Developed internal tools for the Fidelity trading platform.'),
(4,  4,  6,  6,  'Spring', 2025, 'Assisted with strategy consulting projects for Fortune 500 clients.'),
(5,  5,  7,  7,  'Fall',   2024, 'Built backend services for Azure cloud infrastructure.'),
(6,  6,  8,  8,  'Spring', 2024, 'Worked on data pipelines for Amazon retail analytics.'),
(7,  7,  1,  1,  'Fall',   2024, 'Rotated through equity research and fixed income teams at JP Morgan.'),
(8,  8,  9,  9,  'Spring', 2025, 'Contributed to Google Maps backend performance improvements.'),
(9,  9,  19, 19, 'Fall',   2024, 'Designed embedded systems for defense sensor technology at Raytheon.'),
(10, 10, 4,  4,  'Spring', 2025, 'Performed risk modeling for BlackRock fixed income portfolios.'),
(11, 11, 2,  2,  'Fall',   2024, 'Supported equity sales team with client reporting at Goldman.'),
(12, 12, 15, 15, 'Spring', 2025, 'Ran digital marketing campaigns and A/B tested landing pages at HubSpot.'),
(13, 13, 19, 19, 'Fall',   2024, 'Worked on radar systems software at Raytheon Technologies.'),
(14, 14, 6,  6,  'Spring', 2025, 'Developed market entry strategy for a healthcare client at Deloitte.'),
(15, 15, 17, 17, 'Fall',   2024, 'Reconciled fund accounting records for State Street custody clients.'),
(16, 16, 3,  3,  'Spring', 2025, 'Built a microservices API for Fidelity brokerage platform.'),
(17, 17, 15, 15, 'Fall',   2024, 'Managed social media strategy and influencer campaigns at HubSpot.'),
(18, 18, 19, 19, 'Spring', 2025, 'Optimized supply chain simulation models at Raytheon.'),
(19, 19, 1,  1,  'Fall',   2025, 'Supported leveraged finance team with deal analysis at JP Morgan.'),
(20, 20, 7,  7,  'Spring', 2025, 'Developed internal tooling for Microsoft Teams platform.'),
(21, 21, 10, 10, 'Fall',   2024, 'Conducted competitive benchmarking for McKinsey retail client.'),
(22, 1,  12, 12, 'Spring', 2024, 'Wrote equity research reports on healthcare sector at Morgan Stanley.'),
(23, 2,  16, 16, 'Fall',   2023, 'Analyzed customer behavior data for Wayfair product recommendations.'),
(24, 3,  29, 29, 'Spring', 2024, 'Built content recommendation features for TikTok For You page.'),
(25, 4,  13, 13, 'Fall',   2024, 'Developed Accenture client portal using React and Node.js.'),
(26, 5,  25, 25, 'Spring', 2024, 'Configured enterprise network infrastructure for Cisco clients.'),
(27, 6,  28, 28, 'Fall',   2024, 'Built data dashboards for Spotify artist analytics platform.'),
(28, 7,  24, 24, 'Spring', 2024, 'Assessed credit risk for commercial lending portfolio at Bank of America.'),
(29, 8,  14, 14, 'Fall',   2024, 'Customized Salesforce CRM workflows for enterprise clients.'),
(30, 9,  30, 30, 'Spring', 2024, 'Assisted with mRNA vaccine research data analysis at Moderna.'),
(31, 10, 23, 23, 'Fall',   2024, 'Researched ETF performance and portfolio rebalancing at Vanguard.'),
(32, 11, 5,  5,  'Spring', 2024, 'Developed quantitative trading strategies for Citadel equities desk.'),
(33, 12, 26, 26, 'Fall',   2023, 'Built cloud migration tools for IBM enterprise clients.'),
(34, 13, 27, 27, 'Spring', 2024, 'Administered Oracle databases for a large financial services client.'),
(35, 14, 20, 20, 'Fall',   2024, 'Performed audit testing for PwC financial services clients.'),
(36, 15, 21, 21, 'Spring', 2024, 'Prepared tax returns and conducted research for EY clients.'),
(37, 16, 22, 22, 'Fall',   2024, 'Supported KPMG advisory team on a healthcare merger engagement.'),
(38, 17, 18, 18, 'Spring', 2024, 'Modeled loss reserves and pricing for Liberty Mutual auto insurance.'),
(39, 18, 11, 11, 'Fall',   2024, 'Developed go-to-market strategy for a fintech startup at Bain.'),
(40, 19, 4,  4,  'Spring', 2024, 'Conducted ESG risk analysis for BlackRock sustainable investing team.'),
(41, 20, 9,  9,  'Fall',   2024, 'Worked on Google Cloud platform reliability engineering.'),
(42, 21, 8,  8,  'Spring', 2024, 'Implemented data lake architecture for Amazon logistics team.'),
(43, 1,  6,  6,  'Fall',   2023, 'Supported Deloitte financial advisory team on a restructuring project.'),
(44, 2,  3,  3,  'Spring', 2023, 'Built automated testing suite for Fidelity trading systems.'),
(45, 3,  7,  7,  'Fall',   2023, 'Developed PowerShell automation scripts for Microsoft IT operations.'),
(46, 4,  11, 11, 'Spring', 2023, 'Researched private equity market trends for Bain consulting team.'),
(47, 5,  17, 17, 'Fall',   2023, 'Reconciled derivatives positions for State Street fund admin team.'),
(48, 6,  14, 14, 'Spring', 2023, 'Built Salesforce Lightning components for enterprise sales team.'),
(49, 7,  12, 12, 'Fall',   2023, 'Assisted equity research analysts covering tech sector at Morgan Stanley.'),
(50, 8,  2,  2,  'Spring', 2023, 'Supported Goldman Sachs prime brokerage team with client reporting.');
 
-- ============================================================
-- STUDENTOUTREACH (60 rows)
-- ============================================================
INSERT INTO STUDENTOUTREACH (messageId, senderId, recipientId, companyId, content, dateSent, responseStatus) VALUES
(1, 1, 2, 1, 'Hi Leah, I saw you did a co-op at Goldman. Would love to connect!',                           '2026-01-10 10:00:00', 'replied'),
(2, 2, 1, 1, 'Hi Maya, happy to chat about my Goldman experience anytime.',                                 '2026-01-11 14:00:00', 'awaiting reply'),
(3, 1, 3, 2, 'Hey Ethan, I heard you worked at Fidelity. How was the culture there?',                       '2026-01-12 09:30:00', 'replied'),
(4, 3, 1, 2, 'It was great! The team was super collaborative. Happy to share more.',                        '2026-01-13 11:00:00', 'awaiting reply'),
(5, 2, 6, 3, 'Hi Priya, I see you did a data science co-op at Amazon. Any tips?',                           '2026-01-14 15:00:00', 'replied'),
(6, 6, 2, 3, 'Sure! The technical interviews focus a lot on SQL and Python. Good luck!',                    '2026-01-15 10:00:00', 'awaiting reply'),
(7, 4, 8, 4, 'Hi Olivia, what was the interview process like for Google?',                                  '2026-01-16 13:00:00', 'replied'),
(8, 8, 4, 4, 'There were 4 rounds — two coding, one system design, one behavioral.',                        '2026-01-17 09:00:00', 'awaiting reply'),
(9, 5, 7, 5, 'Hey James, how did you find the Raytheon co-op?',                                             '2026-01-18 14:30:00', 'replied'),
(10, 7, 5, 5, 'Yes very defense oriented. Great if you like embedded systems work.',                        '2026-01-19 11:30:00', 'awaiting reply'),
(11, 1, 8, 1, 'Olivia, any advice for Google SWE roles?',                                                   '2026-01-20 10:00:00', 'replied'),
(12, 8, 1, 1, 'Practice LeetCode and system design.',                                                       '2026-01-21 12:00:00', 'awaiting reply'),
(13, 9, 10, 2, 'Hi Marcus, how was BlackRock risk team?',                                                   '2026-01-22 09:00:00', 'replied'),
(14, 10, 9, 2, 'Really challenging but rewarding.',                                                         '2026-01-23 14:00:00', 'awaiting reply'),
(15, 11, 12, 3, 'Interested in HubSpot marketing roles.',                                                   '2026-01-24 11:00:00', 'replied'),
(16, 12, 11, 3, 'Build a portfolio and know analytics.',                                                    '2026-01-25 15:00:00', 'awaiting reply'),
(17, 3, 16, 4, 'How was Fidelity software co-op?',                                                          '2026-01-26 10:30:00', 'replied'),
(18, 16, 3, 4, 'Loved it! Great engineering team.',                                                         '2026-01-27 09:00:00', 'awaiting reply'),
(19, 6, 8, 5, 'Did you use resources for Google interview?',                                                '2026-01-28 13:00:00', 'replied'),
(20, 8, 6, 5, 'Used Neetcode and System Design Primer.',                                                    '2026-01-29 11:00:00', 'awaiting reply'),
(21, 14, 15, 1, 'What was PwC audit team like?',                                                            '2026-01-30 14:00:00', 'replied'),
(22, 15, 14, 1, 'Lots of client interaction.',                                                              '2026-01-31 10:00:00', 'awaiting reply'),
(23, 2, 20, 2, 'How was Microsoft SDE co-op?',                                                              '2026-02-01 09:30:00', 'replied'),
(24, 20, 2, 2, 'Very chill culture.',                                                                       '2026-02-02 12:00:00', 'awaiting reply'),
(25, 7, 9, 3, 'Need finance background for BlackRock?',                                                     '2026-02-03 11:00:00', 'replied'),
(26, 9, 7, 3, 'More about analytical skills.',                                                              '2026-02-04 14:30:00', 'awaiting reply'),
(27, 4, 20, 4, 'CS majors for Microsoft roles?',                                                            '2026-02-05 10:00:00', 'replied'),
(28, 20, 4, 4, 'Yes, know data structures well.',                                                           '2026-02-06 09:00:00', 'awaiting reply'),
(29, 19, 1, 5, 'Networking tips for JP Morgan?',                                                            '2026-02-07 13:00:00', 'replied'),
(30, 1, 19, 5, 'Reach out on LinkedIn.',                                                                    '2026-02-08 11:00:00', 'awaiting reply'),
(31, 6, 16, 6, 'Hannah, how did you prepare for the Fidelity technical interview?',                         '2026-02-09 10:00:00', 'replied'),
(32, 16, 6, 2, 'They focus a lot on OOP concepts and Java. Review design patterns too.',                    '2026-02-10 14:00:00', 'awaiting reply'),
(33, 11, 2, 3,  'Ryan reaching out — Leah any advice on Goldman applications?',                             '2026-02-11 09:30:00', 'replied'),
(34, 2,  11, 4, 'Apply early and tailor your resume to highlight finance coursework.',                      '2026-02-12 12:00:00', 'awaiting reply'),
(35, 12, 3, 4,  'Jasmine here — Ethan how was the Fidelity work-life balance?',                             '2026-02-13 11:00:00', 'replied'),
(36, 3,  12, 5, 'Honestly really good. 40 hour weeks and everyone is supportive.',                          '2026-02-14 09:00:00', 'awaiting reply'),
(37, 15, 20, 7, 'Tyler, did Microsoft offer return offers for their co-ops?',                               '2026-02-15 14:00:00', 'replied'),
(38, 20, 15, 9,  'Yes! Most co-ops get return offers if performance reviews are strong.',                   '2026-02-16 10:30:00', 'awaiting reply'),
(39, 17, 12, 10, 'Hi Jasmine, how competitive was the HubSpot marketing application?',                      '2026-02-17 09:00:00', 'replied'),
(40, 12, 17, 10, 'Pretty competitive — they look for creative thinking and data skills.',                   '2026-02-18 11:00:00', 'awaiting reply'),
(41, 13, 9, 9, 'Aisha here — Marcus what skills were most useful at BlackRock?',                            '2026-02-19 13:00:00', 'replied'),
(42, 9,  13, 8, 'Excel, Python, and a strong understanding of financial instruments.',                      '2026-02-20 10:00:00', 'awaiting reply'),
(43, 10, 14, 3, 'Marcus here — Ryan how was the PwC culture overall?',                                      '2026-02-21 09:30:00', 'replied'),
(44, 14, 10, 7,  'Very professional. Long hours during busy season but great mentorship.',                  '2026-02-22 12:00:00', 'awaiting reply'),
(45, 21, 16, 12, 'Victoria here — Hannah, would you recommend Fidelity for a CS co-op?',                    '2026-02-23 14:00:00', 'replied'),
(46, 16, 21, 13,  'Definitely! Great tech stack and you get real ownership of projects.',                   '2026-02-24 11:00:00', 'awaiting reply'),
(47, 18, 5, 11, 'Hi James, how technical was the Raytheon engineering interview?',                          '2026-02-25 10:00:00', 'replied'),
(48, 5,  18, 6, 'Very technical — lots of circuits and embedded systems questions.',                        '2026-02-26 09:00:00', 'awaiting reply'),
(49, 19, 7, 4,  'Hey Marcus, did your finance GPA affect your BlackRock application?',                      '2026-02-27 13:00:00', 'replied'),
(50, 7,  19, 11,  'They do have a GPA cutoff around 3.2 so keep that in mind.',                             '2026-02-28 11:30:00', 'awaiting reply'),
(51, 20, 8, 15,  'Tyler here — Olivia what projects did you work on at Google?',                            '2026-03-01 10:00:00', 'replied'),
(52, 8,  20, 14, 'I worked on Maps backend latency improvements. Super impactful project.',                 '2026-03-02 14:00:00', 'awaiting reply'),
(53, 1,  6, 13, 'Maya here — Priya any advice for Amazon data engineering interviews?',                     '2026-03-03 09:30:00', 'replied'),
(54, 6,  1, 14,  'Know your SQL cold and review distributed systems basics.',                               '2026-03-04 12:00:00', 'awaiting reply'),
(55, 2,  4, 1, 'Leah — Sofia how was consulting at Deloitte vs a finance role?',                            '2026-03-05 11:00:00', 'replied'),
(56, 4,  2, 3,  'Very different. Consulting is more project-based and client-facing.',                      '2026-03-06 10:00:00', 'awaiting reply'),
(57, 3,  20, 4, 'Ethan here — Tyler did Microsoft give you real ownership of your projects?',               '2026-03-07 14:00:00', 'replied'),
(58, 20, 3, 3, 'Yes absolutely. I shipped two features that went to production.',                           '2026-03-08 09:00:00', 'awaiting reply'),
(59, 16, 8, 5,  'Hannah — Olivia did Google sponsor your housing during the co-op?',                        '2026-03-09 13:00:00', 'replied'),
(60, 8,  16, 6, 'They gave a housing stipend which was really helpful in the Bay Area.',                    '2026-03-10 11:00:00', 'awaiting reply');
 
-- ============================================================
-- EMPLOYEROUTREACH (60 rows)
-- ============================================================
INSERT INTO EMPLOYEROUTREACH (empMessageId, employerId, studentId, content, dateSent, status) VALUES
(1,  1, 1,  'Hi Maya, we think you would be a great fit for our summer analyst program.',         '2026-02-01 09:00:00', 'pending'),
(2,  1, 2,  'Hi Leah, we are recruiting for our investment banking co-op role.',                  '2026-02-01 09:30:00', 'pending'),
(3,  1, 7,  'Marcus, your finance background is impressive. We would love to connect.',           '2026-02-02 10:00:00', 'accepted'),
(4,  1, 11, 'Ryan, JP Morgan is hiring finance co-ops. Your profile caught our eye.',             '2026-02-02 10:30:00', 'pending'),
(5,  1, 19, 'We saw your JP Morgan experience. Interested in a full-time role with us?',          '2026-02-03 09:00:00', 'accepted'),
(6,  2, 6,  'Hi Priya, BlackRock is looking for data science co-ops. Interested?',               '2026-02-03 11:00:00', 'pending'),
(7,  2, 8,  'Olivia, your CS background is perfect for our quant team at BlackRock.',            '2026-02-04 10:00:00', 'accepted'),
(8,  2, 16, 'Hannah, we loved your Fidelity experience. Consider BlackRock for next co-op?',     '2026-02-04 10:30:00', 'pending'),
(9,  2, 20, 'Tyler, your Microsoft experience is impressive. BlackRock would love to chat.',     '2026-02-05 09:00:00', 'rejected'),
(10, 3, 2,  'Leah, Citadel is recruiting for quant dev roles. Your CS skills are a match.',      '2026-02-05 11:00:00', 'pending'),
(11, 3, 3,  'Ethan, Citadel is looking for strong software engineers. Interested?',              '2026-02-06 10:00:00', 'accepted'),
(12, 3, 8,  'Olivia, your Google experience makes you a strong Citadel candidate.',              '2026-02-06 10:30:00', 'pending'),
(13, 3, 20, 'Tyler, Citadel has a quantitative developer role that suits your background.',       '2026-02-07 09:00:00', 'accepted'),
(14, 4, 4,  'Sofia, Deloitte is recruiting for strategy consulting co-ops.',                     '2026-02-07 11:00:00', 'pending'),
(15, 4, 10, 'Marcus, your BlackRock background translates well to our advisory practice.',       '2026-02-08 10:00:00', 'accepted'),
(16, 4, 21, 'Victoria, Deloitte is looking for motivated business students for consulting.',     '2026-02-08 10:30:00', 'pending'),
(17, 5, 2,  'Leah, Microsoft is recruiting for SWE co-ops. Your CS background is impressive.',  '2026-02-09 09:00:00', 'accepted'),
(18, 5, 3,  'Ethan, we saw your Fidelity and TikTok experience. Microsoft would love to chat.', '2026-02-09 11:00:00', 'pending'),
(19, 5, 6,  'Priya, Microsoft Azure is looking for data engineers. You are a great fit.',        '2026-02-10 10:00:00', 'accepted'),
(20, 5, 16, 'Hannah, Microsoft is hiring for our developer tools team. Interested?',             '2026-02-10 10:30:00', 'pending'),
(21, 6, 2,  'Leah, Amazon is looking for strong SWE co-ops. Your profile stood out to us.',     '2026-02-11 09:00:00', 'pending'),
(22, 6, 3,  'Ethan, your experience at TikTok is relevant to our Amazon recommendation team.',  '2026-02-11 11:00:00', 'accepted'),
(23, 6, 8,  'Olivia, Amazon would love to have you on our AWS engineering team.',               '2026-02-12 10:00:00', 'pending'),
(24, 6, 20, 'Tyler, Amazon is recruiting for backend SWE roles. Interested in applying?',       '2026-02-12 10:30:00', 'rejected'),
(25, 7, 2,  'Leah, Google is recruiting for SWE co-ops and your profile is impressive.',        '2026-02-13 09:00:00', 'accepted'),
(26, 7, 3,  'Ethan, Google would love to talk to you about our engineering co-op program.',     '2026-02-13 11:00:00', 'pending'),
(27, 7, 6,  'Priya, your data engineering background is perfect for Google Cloud roles.',        '2026-02-14 10:00:00', 'accepted'),
(28, 7, 8,  'Olivia, we would love to have you back for another Google co-op rotation.',        '2026-02-14 10:30:00', 'pending'),
(29, 8, 4,  'Sofia, McKinsey is recruiting for business analyst co-ops this cycle.',            '2026-02-15 09:00:00', 'pending'),
(30, 8, 10, 'Marcus, your consulting experience at BlackRock is relevant to McKinsey.',         '2026-02-15 11:00:00', 'accepted'),
(31, 8, 14, 'Ryan, McKinsey is looking for finance-oriented BAs. You are a great match.',       '2026-02-16 10:00:00', 'pending'),
(32, 8, 21, 'Victoria, McKinsey is interested in your business background. Lets connect.',      '2026-02-16 10:30:00', 'rejected'),
(33, 1, 3,  'Ethan, JP Morgan is looking for technology co-ops in our fintech division.',       '2026-02-17 09:00:00', 'pending'),
(34, 1, 6,  'Priya, our data science team at JP Morgan would be a great fit for you.',          '2026-02-17 11:00:00', 'accepted'),
(35, 2, 1,  'Maya, BlackRock is interested in your finance background for our risk team.',      '2026-02-18 10:00:00', 'pending'),
(36, 2, 10, 'Marcus, we think you would thrive on the BlackRock portfolio analytics team.',     '2026-02-18 10:30:00', 'accepted'),
(37, 3, 1,  'Maya, Citadel is recruiting for finance and quant co-ops this semester.',          '2026-02-19 09:00:00', 'pending'),
(38, 3, 6,  'Priya, Citadel quantitative research team is looking for your data skill set.',    '2026-02-19 11:00:00', 'accepted'),
(39, 4, 1,  'Maya, Deloitte financial advisory would love to speak with you.',                  '2026-02-20 10:00:00', 'pending'),
(40, 4, 14, 'Ryan, Deloitte audit practice is hiring. Your PwC experience is relevant.',        '2026-02-20 10:30:00', 'accepted'),
(41, 5, 1,  'Maya, Microsoft is interested in your strong academic record.',                    '2026-02-21 09:00:00', 'rejected'),
(42, 6, 1,  'Maya, Amazon is recruiting for finance and ops co-op roles.',                      '2026-02-21 11:00:00', 'pending'),
(43, 7, 1,  'Maya, Google has a finance operations co-op that matches your profile.',           '2026-02-22 10:00:00', 'pending'),
(44, 8, 1,  'Maya, McKinsey is interested in speaking with high-achieving finance students.',   '2026-02-22 10:30:00', 'accepted'),
(45, 1, 12, 'Jasmine, JP Morgan marketing team is looking for creative co-op students.',        '2026-02-23 09:00:00', 'pending'),
(46, 2, 12, 'Jasmine, BlackRock communications team would love to connect with you.',           '2026-02-23 11:00:00', 'pending'),
(47, 5, 12, 'Jasmine, Microsoft marketing is recruiting and your HubSpot experience is great.', '2026-02-24 10:00:00', 'accepted'),
(48, 6, 12, 'Jasmine, Amazon is looking for marketing co-ops for our retail team.',             '2026-02-24 10:30:00', 'pending'),
(49, 1, 13, 'Aisha, JP Morgan is interested in your political science background.',             '2026-02-25 09:00:00', 'pending'),
(50, 4, 13, 'Aisha, Deloitte public sector consulting team would be a great fit for you.',      '2026-02-25 11:00:00', 'accepted'),
(51, 8, 13, 'Aisha, McKinsey social sector practice is recruiting motivated candidates.',       '2026-02-26 10:00:00', 'pending'),
(52, 4, 17, 'Tyler C., Deloitte digital consulting team is recruiting. Interested?',            '2026-02-26 10:30:00', 'pending'),
(53, 5, 17, 'Tyler C., Microsoft is interested in your communications background.',             '2026-02-27 09:00:00', 'rejected'),
(54, 1, 15, 'Jasmine, JP Morgan is recruiting for fund accounting co-op roles.',                '2026-02-27 11:00:00', 'pending'),
(55, 2, 15, 'Jasmine, State Street and BlackRock both need fund accounting co-ops.',            '2026-02-28 10:00:00', 'accepted'),
(56, 3, 16, 'Hannah, Citadel is recruiting for software engineering roles.',                    '2026-02-28 10:30:00', 'pending'),
(57, 7, 16, 'Hannah, Google is very interested in your Fidelity and Citadel experience.',       '2026-03-01 09:00:00', 'accepted'),
(58, 5, 9,  'James, Microsoft is recruiting for systems engineering roles.',                    '2026-03-01 11:00:00', 'pending'),
(59, 6, 9,  'James, Amazon infrastructure team is looking for your embedded systems skills.',   '2026-03-02 10:00:00', 'pending'),
(60, 7, 9,  'James, Google hardware team would love to connect with you.',                      '2026-03-02 10:30:00', 'accepted');
 
-- ============================================================
-- ALERT (60 rows)
-- ============================================================
INSERT INTO ALERT (alertId, advisorId, studentId, messageId, message, dateTrigger) VALUES
(1,  1, 1,  1,  'Student Maya has sent an outreach message.',          '2026-01-10 10:01:00'),
(2,  1, 2,  2,  'Student Leah has sent an outreach message.',          '2026-01-11 14:01:00'),
(3,  1, 1,  3,  'Student Maya has sent an outreach message.',          '2026-01-12 09:31:00'),
(4,  2, 3,  NULL, 'Student Ethan has a new co-op experience logged.',  '2026-01-13 10:00:00'),
(5,  1, 4,  NULL, 'Student Sofia has a new co-op experience logged.',  '2026-01-14 11:00:00'),
(6,  2, 6,  5,  'Student Priya has sent an outreach message.',         '2026-01-14 15:01:00'),
(7,  2, 8,  7,  'Student Olivia has sent an outreach message.',        '2026-01-16 13:01:00'),
(8,  3, 5,  9,  'Student James has sent an outreach message.',         '2026-01-18 14:31:00'),
(9,  2, 8,  11, 'Student Olivia has sent an outreach message.',        '2026-01-20 10:01:00'),
(10, 2, 6,  NULL, 'Student Priya has a new co-op experience logged.',  '2026-01-21 09:00:00'),
(11, 3, 9,  13, 'Student Marcus has sent an outreach message.',        '2026-01-22 09:01:00'),
(12, 2, 12, 15, 'Student Jasmine has sent an outreach message.',       '2026-01-24 11:01:00'),
(13, 2, 3,  17, 'Student Ethan has sent an outreach message.',         '2026-01-26 10:31:00'),
(14, 2, 6,  19, 'Student Priya has sent an outreach message.',         '2026-01-28 13:01:00'),
(15, 1, 14, 21, 'Student Ryan has sent an outreach message.',          '2026-01-30 14:01:00'),
(16, 2, 2,  23, 'Student Leah has sent an outreach message.',          '2026-02-01 09:31:00'),
(17, 3, 7,  25, 'Student Marcus has sent an outreach message.',        '2026-02-03 11:01:00'),
(18, 2, 4,  27, 'Student Sofia has sent an outreach message.',         '2026-02-05 10:01:00'),
(19, 1, 19, 29, 'Student has sent an outreach message.',               '2026-02-07 13:01:00'),
(20, 2, 6,  31, 'Student Priya has sent an outreach message.',         '2026-02-09 10:01:00'),
(21, 1, 11, 33, 'Student Ryan has sent an outreach message.',          '2026-02-11 09:31:00'),
(22, 2, 12, 35, 'Student Jasmine has sent an outreach message.',       '2026-02-13 11:01:00'),
(23, 2, 15, 37, 'Student Jasmine has sent an outreach message.',       '2026-02-15 14:01:00'),
(24, 4, 17, 39, 'Student Tyler has sent an outreach message.',         '2026-02-17 09:01:00'),
(25, 3, 9,  41, 'Student Aisha has sent an outreach message.',         '2026-02-19 13:01:00'),
(26, 3, 10, 43, 'Student Marcus has sent an outreach message.',        '2026-02-21 09:31:00'),
(27, 2, 21, 45, 'Student Victoria has sent an outreach message.',      '2026-02-23 14:01:00'),
(28, 3, 18, 47, 'Student Carlos has sent an outreach message.',        '2026-02-25 10:01:00'),
(29, 1, 19, 49, 'Student has sent an outreach message.',               '2026-02-27 13:01:00'),
(30, 2, 20, 51, 'Student Tyler has sent an outreach message.',         '2026-03-01 10:01:00'),
(31, 1, 1,  53, 'Student Maya has sent an outreach message.',          '2026-03-03 09:31:00'),
(32, 1, 2,  55, 'Student Leah has sent an outreach message.',          '2026-03-05 11:01:00'),
(33, 2, 3,  57, 'Student Ethan has sent an outreach message.',         '2026-03-07 14:01:00'),
(34, 2, 16, 59, 'Student Hannah has sent an outreach message.',        '2026-03-09 13:01:00'),
(35, 1, 1,  NULL, 'Student Maya received employer outreach.',          '2026-02-01 09:01:00'),
(36, 1, 2,  NULL, 'Student Leah received employer outreach.',          '2026-02-01 09:31:00'),
(37, 3, 9,  NULL, 'Student James received employer outreach.',         '2026-02-05 11:01:00'),
(38, 2, 6,  NULL, 'Student Priya received employer outreach.',         '2026-02-03 11:01:00'),
(39, 2, 8,  NULL, 'Student Olivia received employer outreach.',        '2026-02-04 10:01:00'),
(40, 3, 5,  NULL, 'Student James GPA has dropped below 3.0 threshold.','2026-02-10 08:00:00'),
(41, 1, 11, NULL, 'Student Ryan GPA is below advisor watch threshold.','2026-02-10 08:01:00'),
(42, 1, 7,  NULL, 'Student Marcus received new employer outreach.',    '2026-02-02 10:01:00'),
(43, 2, 12, NULL, 'Student Jasmine received employer outreach.',       '2026-02-23 09:01:00'),
(44, 4, 17, NULL, 'Student Tyler received employer outreach.',         '2026-02-26 10:31:00'),
(45, 2, 20, NULL, 'Student Tyler accepted a Microsoft outreach.',      '2026-02-11 09:01:00'),
(46, 1, 19, NULL, 'Student logged a new co-op experience.',            '2026-02-18 10:00:00'),
(47, 2, 16, NULL, 'Student Hannah accepted a Google outreach.',        '2026-03-01 09:01:00'),
(48, 1, 14, NULL, 'Student Ryan accepted a Deloitte outreach.',        '2026-02-20 10:31:00'),
(49, 5, 15, NULL, 'Student Jasmine accepted a BlackRock outreach.',    '2026-02-28 10:01:00'),
(50, 3, 9,  NULL, 'Student James accepted a Google outreach.',         '2026-03-02 10:31:00'),
(51, 1, 1,  NULL, 'Student Maya accepted a McKinsey outreach.',        '2026-02-22 10:31:00'),
(52, 2, 2,  NULL, 'Student Leah accepted a Google outreach.',          '2026-02-13 09:01:00'),
(53, 2, 3,  NULL, 'Student Ethan accepted a Citadel outreach.',        '2026-02-06 10:01:00'),
(54, 2, 6,  NULL, 'Student Priya accepted a Google outreach.',         '2026-02-14 10:01:00'),
(55, 1, 7,  NULL, 'Student Marcus accepted a McKinsey outreach.',      '2026-02-15 11:01:00'),
(56, 2, 8,  NULL, 'Student Olivia accepted a BlackRock outreach.',     '2026-02-04 10:01:00'),
(57, 3, 10, NULL, 'Student Marcus accepted a McKinsey outreach.',      '2026-02-15 11:01:00'),
(58, 2, 13, NULL, 'Student Citadel accepted a Deloitte outreach.',     '2026-02-25 11:01:00'),
(59, 2, 20, NULL, 'Student Tyler has a new co-op experience logged.',  '2026-02-06 09:00:00'),
(60, 5, 21, NULL, 'Student Victoria received employer outreach.',      '2026-02-08 10:31:00');
 
-- ============================================================
-- SYSTEMSETTING (10 rows)
-- ============================================================
INSERT INTO SYSTEMSETTING (settingId, updatedBy, settingName, settingValue, settingDescription, updatedAt) VALUES
(1,  1, 'max_outreach_per_day',     '10',      'Max outreach messages a student can send per day',          '2026-01-01 00:00:00'),
(2,  1, 'platform_status',          'live',    'Current status of the platform',                            '2026-01-01 00:00:00'),
(3,  1, 'min_gpa_threshold',        '3.0',     'Minimum GPA to be eligible for employer outreach',          '2026-01-01 00:00:00'),
(4,  1, 'max_employers_per_cycle',  '5',       'Max number of employer outreaches a student can accept',    '2026-01-15 08:00:00'),
(5,  1, 'coopexperience_required',  'true',    'Students must have one co-op logged to send outreach',      '2026-01-15 08:00:00'),
(6,  2, 'maintenance_window',       'Sunday 2-4am', 'Scheduled maintenance window for platform',            '2026-02-01 09:00:00'),
(7,  2, 'email_notifications',      'true',    'Send email notifications for new outreach messages',        '2026-02-01 09:00:00'),
(8,  2, 'max_students_per_advisor', '50',      'Maximum number of students an advisor can be assigned',     '2026-02-15 10:00:00'),
(9,  1, 'profile_visibility',       'public',  'Default visibility setting for student profiles',           '2026-03-01 08:00:00'),
(10, 2, 'session_timeout_minutes',  '30',      'Number of minutes before an inactive session is logged out','2026-03-15 09:00:00');
 
-- ============================================================
-- AUDITLOG (30 rows)
-- ============================================================
INSERT INTO AUDITLOG (logId, adminId, actionType, actionDetails, affectedRecord, actionTimestamp) VALUES
(1,  1, 'UPDATE', 'Updated platform status to live',                    'SYSTEMSETTING', '2026-01-01 00:01:00'),
(2,  1, 'DELETE', 'Removed inactive user account',                      'USER',          '2026-01-15 09:05:00'),
(3,  1, 'UPDATE', 'Updated max outreach per day from 5 to 10',          'SYSTEMSETTING', '2026-01-15 09:10:00'),
(4,  1, 'INSERT', 'Added new system setting for GPA threshold',          'SYSTEMSETTING', '2026-01-15 09:15:00'),
(5,  1, 'DELETE', 'Removed duplicate co-op experience entry',            'COOPEXPERIENCE','2026-01-20 10:00:00'),
(6,  1, 'UPDATE', 'Updated student advisorId after advisor reassignment','STUDENT',       '2026-01-22 11:00:00'),
(7,  1, 'INSERT', 'Added new employer account for BlackRock recruiter',  'EMPLOYER',      '2026-01-25 14:00:00'),
(8,  1, 'DELETE', 'Removed spam outreach message flagged by advisor',    'STUDENTOUTREACH','2026-01-28 09:00:00'),
(9,  1, 'UPDATE', 'Updated company website URL for Fidelity',            'COMPANY',       '2026-02-01 10:00:00'),
(10, 1, 'INSERT', 'Onboarded new advisor for Khoury College',            'ADVISOR',       '2026-02-05 11:00:00'),
(11, 2, 'UPDATE', 'Updated maintenance window setting',                  'SYSTEMSETTING', '2026-02-01 09:01:00'),
(12, 2, 'INSERT', 'Enabled email notifications system setting',          'SYSTEMSETTING', '2026-02-01 09:02:00'),
(13, 2, 'DELETE', 'Removed expired employer outreach records',           'EMPLOYEROUTREACH','2026-02-10 10:00:00'),
(14, 2, 'UPDATE', 'Updated max students per advisor to 50',              'SYSTEMSETTING', '2026-02-15 10:01:00'),
(15, 2, 'INSERT', 'Added new co-op role for Spotify data analyst',       'COOPROLE',      '2026-02-18 11:00:00'),
(16, 2, 'DELETE', 'Removed inactive employer account',                   'EMPLOYER',      '2026-02-20 09:00:00'),
(17, 2, 'UPDATE', 'Updated student GPA record after grade correction',   'STUDENT',       '2026-02-22 14:00:00'),
(18, 2, 'INSERT', 'Added new student user account',                      'USER',          '2026-02-25 10:00:00'),
(19, 1, 'UPDATE', 'Updated profile visibility to public by default',     'SYSTEMSETTING', '2026-03-01 08:01:00'),
(20, 1, 'DELETE', 'Removed test accounts created during QA',             'USER',          '2026-03-05 09:00:00'),
(21, 1, 'INSERT', 'Added Moderna as a new company in the system',        'COMPANY',       '2026-03-07 10:00:00'),
(22, 1, 'UPDATE', 'Corrected co-op experience year for studentId 3',     'COOPEXPERIENCE','2026-03-09 11:00:00'),
(23, 2, 'INSERT', 'Added session timeout system setting',                'SYSTEMSETTING', '2026-03-15 09:01:00'),
(24, 2, 'DELETE', 'Removed outdated alert records older than 6 months',  'ALERT',         '2026-03-17 10:00:00'),
(25, 1, 'UPDATE', 'Updated employer jobTitle for employerId 3',          'EMPLOYER',      '2026-03-19 11:00:00'),
(26, 2, 'UPDATE', 'Updated session timeout from 60 to 30 minutes',      'SYSTEMSETTING', '2026-03-20 11:31:00'),
(27, 1, 'INSERT', 'Added new co-op role for TikTok engineering team',    'COOPROLE',      '2026-03-22 09:00:00'),
(28, 2, 'DELETE', 'Removed duplicate company record for JP Morgan',      'COMPANY',       '2026-03-24 10:00:00'),
(29, 1, 'UPDATE', 'Updated student major for studentId 12',              'STUDENT',       '2026-03-26 11:00:00'),
(30, 2, 'INSERT', 'Onboarded new employer from Bain and Company',        'EMPLOYER',      '2026-03-28 14:00:00');

-- ============================================================
-- ADVISORREPORT (8 rows)
-- ============================================================
INSERT INTO ADVISORREPORT (reportId, advisorId, reportName, createdAt) VALUES
(1, 1, 'Spring 2026 Placement Summary',          '2026-01-15 09:00:00'),
(2, 1, 'Q1 2026 Student Outreach Overview',      '2026-02-01 10:00:00'),
(3, 2, 'Khoury Co-op Placement Report 2026',     '2026-01-20 11:00:00'),
(4, 2, 'Industry Trends – Tech Sector 2025',     '2026-02-10 14:00:00'),
(5, 3, 'Engineering Student Coop Analysis',      '2026-01-25 08:30:00'),
(6, 3, 'Spring 2026 Employer Engagement Report', '2026-03-05 09:00:00'),
(7, 4, 'Social Sciences Placement Metrics',      '2026-02-20 10:00:00'),
(8, 5, 'Business School Coop Statistics 2026',   '2026-03-12 11:00:00');